{
    "now": "2025-08-21T16:44:56.120Z",
    "perfNow": 6506206.100000024,
    "diagnosticCorrelation": "830c4c0d-8633-4e1b-8961-8c4a1426d842",
    "source": "DownloadSupportFiles",
    "environment": {
        "productName": "adf",
        "buildVersion": "1.0.082025.2",
        "environmentType": 3,
        "resourceName": "adf20250819",
        "resourceRegion": "canadacentral",
        "resourceGroup": "rg20250819",
        "subscriptionId": "3d370e9a-9bf3-46f2-a686-1206ca8d2ae3",
        "sessionId": "j9+IvET/wesIkeeIVMZ3cv",
        "operationId": "",
        "gitType": "live",
        "loggingKey": "61095353-4765-4cfc-9fad-f039e7408660"
    },
    "additionalInfo": {
        "selectedResource": "WF_FIlterEmpSalary",
        "selectedResourceType": "pipeline",
        "dataFlowSessionId": "9a4428ba-611a-42a5-99f6-ffd5388f124c"
    }
}