{
    "name": "DelimitedText1",
    "properties": {
        "linkedServiceName": {
            "referenceName": "AzureDataLakeStorage1",
            "type": "LinkedServiceReference"
        },
        "annotations": [],
        "type": "DelimitedText",
        "typeProperties": {
            "location": {
                "type": "AzureBlobFSLocation",
                "fileName": "emp.csv",
                "folderPath": "CSV",
                "fileSystem": "source"
            },
            "columnDelimiter": ",",
            "escapeChar": "\\",
            "firstRowAsHeader": true,
            "quoteChar": "\""
        },
        "schema": [
            {
                "name": "EmpID",
                "type": "String"
            },
            {
                "name": "Name",
                "type": "String"
            },
            {
                "name": "Salary",
                "type": "String"
            },
            {
                "name": "JoiningYear",
                "type": "String"
            }
        ]
    },
    "type": "Microsoft.DataFactory/factories/datasets"
}