{
    "now": "2025-08-21T01:18:57.628Z",
    "perfNow": 3009871.5,
    "diagnosticCorrelation": "6aefe260-ed44-4795-b11d-0a697f4f4282",
    "source": "DownloadSupportFiles",
    "environment": {
        "productName": "adf",
        "buildVersion": "1.0.080125.5",
        "environmentType": 3,
        "resourceName": "adf20250819",
        "resourceRegion": "canadacentral",
        "resourceGroup": "rg20250819",
        "subscriptionId": "3d370e9a-9bf3-46f2-a686-1206ca8d2ae3",
        "sessionId": "SW3uo3waA49j72oiGelSX/",
        "operationId": "",
        "gitType": "live",
        "loggingKey": "19a7968a-9913-470f-b86a-01d0e6a9f35a"
    },
    "additionalInfo": {
        "selectedResource": "Copy_API_to_SqlDB",
        "selectedResourceType": "pipeline"
    }
}