{
    "name": "dataflow1",
    "properties": {
        "type": "MappingDataFlow",
        "typeProperties": {
            "sources": [
                {
                    "dataset": {
                        "referenceName": "DelimitedText1",
                        "type": "DatasetReference"
                    },
                    "name": "InputDataSource"
                }
            ],
            "sinks": [
                {
                    "dataset": {
                        "referenceName": "Json3",
                        "type": "DatasetReference"
                    },
                    "name": "TargetDataSet",
                    "rejectedDataLinkedService": {
                        "referenceName": "AzureDataLakeStorage1",
                        "type": "LinkedServiceReference"
                    }
                }
            ],
            "transformations": [
                {
                    "name": "FilterSalary"
                }
            ],
            "scriptLines": [
                "source(output(",
                "          EmpID as integer,",
                "          Name as string,",
                "          Salary as integer '###,###',",
                "          JoiningYear as integer",
                "     ),",
                "     allowSchemaDrift: true,",
                "     validateSchema: false,",
                "     ignoreNoFilesFound: false) ~> InputDataSource",
                "InputDataSource filter(Salary>50000) ~> FilterSalary",
                "FilterSalary sink(allowSchemaDrift: true,",
                "     validateSchema: false,",
                "     umask: 0022,",
                "     preCommands: [],",
                "     postCommands: [],",
                "     skipDuplicateMapInputs: true,",
                "     skipDuplicateMapOutputs: true) ~> TargetDataSet"
            ]
        }
    }
}