{
    "name": "AzureSqlTable1",
    "properties": {
        "linkedServiceName": {
            "referenceName": "AzureSQLDatabase",
            "type": "LinkedServiceReference"
        },
        "annotations": [],
        "type": "AzureSqlTable",
        "schema": [
            {
                "name": "customer_id",
                "type": "int",
                "precision": 10
            },
            {
                "name": "first_name",
                "type": "varchar"
            },
            {
                "name": "last_name",
                "type": "varchar"
            },
            {
                "name": "email",
                "type": "varchar"
            },
            {
                "name": "phone",
                "type": "varchar"
            },
            {
                "name": "city",
                "type": "varchar"
            },
            {
                "name": "registration_date",
                "type": "date"
            }
        ],
        "typeProperties": {
            "schema": "myDB",
            "table": "Customers"
        }
    },
    "type": "Microsoft.DataFactory/factories/datasets"
}