{
    "name": "Json1",
    "properties": {
        "linkedServiceName": {
            "referenceName": "HttpServer1",
            "type": "LinkedServiceReference"
        },
        "annotations": [],
        "type": "Json",
        "typeProperties": {
            "location": {
                "type": "HttpServerLocation",
                "relativeUrl": "JRS1041/MyRepository/refs/heads/main/ADF%2BDatabricks%2BBI/customers.json"
            }
        },
        "schema": {}
    },
    "type": "Microsoft.DataFactory/factories/datasets"
}